"Código";"Linha";"Montadora";"Peça";"Aplicação"
"BR-4003A";"Borracha";"Agrale";"Interno ø 30,0 mm";"Interno ø 30,0 mm"
"BR-4003B";"Borracha";"Agrale";"interno ø 32,0 mm";"interno ø 32,0 mm"
"BR-4003C";"Borracha";"Agrale";"Interno ø 35,0 mm Caminhões";"Interno ø 35,0 mm Caminhões Agrale: 6000 D - 6000 DCD 7000 DX - 7500 TDX - 8500 Turbo Micro Volare: A6 2001/"
"BR-4014";"Borracha";"Agrale";"Bucha do olho da mola dianteira, traseira e jumelo";"Bucha do olho da mola dianteira, traseira e jumelo Veículos: Micro Volare A5 - A8 - V5 - V8"
"BR-9014A";"Borracha";"Chevrolet";"Borracha do jumelo (algema) traseira Blazer";"Borracha do jumelo (algema) traseira Blazer"
"BR-9017";"Borracha";"Chevrolet";"Pastilha do feixe mola traseiro (trava oval) S 10 - Blazer - Silverado";"Pastilha do feixe mola traseiro (trava oval) S 10 - Blazer - Silverado"
"BR-9025A";"Borracha";"Chevrolet";"Bucha do olho de mola traseira parte traseira Blazer";"Bucha do olho de mola traseira parte traseira Blazer"
"BR-9036";"Borracha";"Chevrolet";"Borracha calço da carroceria D20 - D10 42";"Borracha calço da carroceria D20 - D10 42"
"BR-9037";"Borracha";"Chevrolet";"Borracha batente traseiro da mola (adaptação) D20";"Borracha batente traseiro da mola (adaptação) D20"
"BR-9038";"Borracha";"Chevrolet";"Borracha do amortecedor dianteiro superior S10 - 2012 em diante";"Borracha do amortecedor dianteiro superior S10 - 2012 em diante"
"BR-9039";"Borracha";"Chevrolet";"Pastilha anti ruido do feixe de mola traseiro Pino 13,0mm D-20 Moderna";"Pastilha anti ruido do feixe de mola traseiro Pino 13,0mm D-20 Moderna"
"BR-9040";"Borracha";"Chevrolet";"Kit de Borrachas da Mola Traseira e Calço Anti-ruído da Mola Traseira S-10 até 2011";"Kit de Borrachas da Mola Traseira e Calço Anti-ruído da Mola Traseira S-10 até 2011"
"BR-0403A";"Borracha";"Fiat Ducato";"Borracha da bandeja dianteira parte traseira";"Borracha da bandeja dianteira parte traseira Ducato"
"BR-0414";"Borracha";"Fiat Ducato";"Borracha do amortecedor dianteiro superior Interno ø 16,0mm Renault Master";"Borracha do amortecedor dianteiro superior Interno ø 16,0mm Renault Master"
"BR-0415";"Borracha";"Fiat Ducato";"Borracha do amortecedor dianteiro inferior Interno ø 14,0mm Renault Master";"Borracha do amortecedor dianteiro inferior Interno ø 14,0mm Renault Master"
"BR-0416";"Borracha";"Fiat Ducato";"Borracha da bandeja dianteira Renault Master";"Borracha da bandeja dianteira Renault Master"
"BR-0419";"Borracha";"Fiat Ducato";"Borracha do olho da mola traseira parte traseira Renault Master 2013 em diante";"Borracha do olho da mola traseira parte traseira Renault Master 2013 em diante"
"BR-0420";"Borracha";"Fiat Ducato";"Borracha do olho da mola tra - seira parte dianteira Renault Master 2013 em diante 49";"Borracha do olho da mola tra - seira parte dianteira Renault Master 2013 em diante 49"
"BR-3005A";"Borracha";"Ford";"Borracha do olhal do amortecedor dianteiro com tubo Diâmetro do corpo ø 31,0mm Diâmetro da aba ø 34,0mm Comprimento 32,0mm Interno ø 14,0mm F 100 - F 350 - F 1000 - F";"Borracha do olhal do amortecedor dianteiro com tubo Diâmetro do corpo ø 31,0mm Diâmetro da aba ø 34,0mm Comprimento 32,0mm Interno ø 14,0mm F 100 - F 350 - F 1000 - F"
"BR-3028A";"Borracha";"Ford";"Borracha da Bieleta Dianteira Ranger de 1999 a";"Borracha da Bieleta Dianteira Ranger de 1999 a"
"BR-3037A";"Borracha";"Ford";"Borracha da mola traseira parte dianteira (Lonada) Pampa";"Borracha da mola traseira parte dianteira (Lonada) Pampa"
"BR-3053";"Borracha";"Ford";"Bucha do jumelo da mola traseira parte traseira Diâmetro do Corpo ø 28,5mm Comprimento 79,0mm interno ø 14,2mm";"Bucha do jumelo da mola traseira parte traseira Diâmetro do Corpo ø 28,5mm Comprimento 79,0mm interno ø 14,2mm Ford Ranger 1994 a"
"BR-3057";"Borracha";"Ford";"Borracha barra estabilizadora dianteira Interno ø 36,0 mm";"Borracha barra estabilizadora dianteira Interno ø 36,0 mm Ford Cargo"
"BR-3059";"Borracha";"Ford";"Borracha mola traseira parte dianteira Diâmetro da aba ø 65,0mm Diâmetro do corpo ø 55,0mm Interno ø 14,5 mm Comprimento 72,0mm Ranger Moderna 2012 Em Diante";"Borracha mola traseira parte dianteira Diâmetro da aba ø 65,0mm Diâmetro do corpo ø 55,0mm Interno ø 14,5 mm Comprimento 72,0mm Ranger Moderna 2012 Em Diante"
"BR-3061";"Borracha";"Ford";"Borracha da mola traseira parte traseira Diâmetro da aba ø 42,0mm Diâmetro do corpo ø ø 32,0mm Interno ø 18,0mm Comprimento 36,0mm Ranger Moderna 2013 em diante";"Borracha da mola traseira parte traseira Diâmetro da aba ø 42,0mm Diâmetro do corpo ø ø 32,0mm Interno ø 18,0mm Comprimento 36,0mm Ranger Moderna 2013 em diante"
"BR-3062";"Borracha";"Ford";"Calço anti ruido mola traseira Ranger 2012 em diante";"Calço anti ruido mola traseira Ranger 2012 em diante"
"BR-3064";"Borracha";"Ford";"Kit calço da carroceria Ranger de 1998 a 2011";"Kit calço da carroceria Ranger de 1998 a 2011"
"BR-3065";"Borracha";"Ford";"Borracha da mola traseira parte traseira Diâmetro da aba ø 51,0 mm Diâmetro do corpo ø 42,0 mm Interno ø 14,0 mm Comprimento 78,0 mm Ranger Americana 1994 a";"Borracha da mola traseira parte traseira Diâmetro da aba ø 51,0 mm Diâmetro do corpo ø 42,0 mm Interno ø 14,0 mm Comprimento 78,0 mm Ranger Americana 1994 a"
"BR-3066";"Borracha";"Ford";"Borracha da mola traseira parte dianteira Diâmetro da aba ø 41,0 mm Diâmetro do corpo ø 32,0 mm Interno ø 14,0 mm Comprimento 78,0 mm Ranger Americana 1994 a 1997 24";"Borracha da mola traseira parte dianteira Diâmetro da aba ø 41,0 mm Diâmetro do corpo ø 32,0 mm Interno ø 14,0 mm Comprimento 78,0 mm Ranger Americana 1994 a 1997 24"
"BR-3067";"Borracha";"Ford";"Borracha do amortecedor Traseiro Diâmetro da aba ø 30,0mm Diâmetro do corpo ø 27,0mm Interno ø 13,0mm Comprimento 32,0mm Ranger 1998 a 2011 Ranger Americana 1994 a";"Borracha do amortecedor Traseiro Diâmetro da aba ø 30,0mm Diâmetro do corpo ø 27,0mm Interno ø 13,0mm Comprimento 32,0mm Ranger 1998 a 2011 Ranger Americana 1994 a"
"BR-3068";"Borracha";"Ford";"Borracha da Bieleta Diâmetro da aba ø 30,0mm Diâmetro do corpo ø 27,0mm Interno ø 13,0mm Comprimento 32,0mm Ranger Americana";"Borracha da Bieleta Diâmetro da aba ø 30,0mm Diâmetro do corpo ø 27,0mm Interno ø 13,0mm Comprimento 32,0mm Ranger Americana"
"BR-0507A";"Borracha";"Hyundai";"Borracha do olho da mola traseira parte dianteira Interno ø 16,2mm";"Borracha do olho da mola traseira parte dianteira Interno ø 16,2mm Hyundai HR / Bongo"
"BR-0512";"Borracha";"Hyundai";"Borracha da bandeja dianteira superior (maior)";"Borracha da bandeja dianteira superior (maior) Hyundai HR"
"BR-0513";"Borracha";"Hyundai";"Borracha da bandeja dianteira superior (menor)";"Borracha da bandeja dianteira superior (menor) Hyundai HR"
"BR-0614";"Borracha";"Iveco";"Bucha da mola dianteira parte dianteira e traseira parte dianteira Diâmetro do corpo ø 55,0mm Interno ø 20,0mm Comprimento 82,0mm Entre abas ø 67,0mm";"Bucha da mola dianteira parte dianteira e traseira parte dianteira Diâmetro do corpo ø 55,0mm Interno ø 20,0mm Comprimento 82,0mm Entre abas ø 67,0mm Iveco Vertis 9 toneladas"
"BR-0614A";"Borracha";"Iveco";"Bucha da mola traseira parte traseira inferior Diâmetro do corpo ø 45,0mm Interno ø 20,0mm Comprimento 82,0mm Entre abas ø 67,0mm";"Bucha da mola traseira parte traseira inferior Diâmetro do corpo ø 45,0mm Interno ø 20,0mm Comprimento 82,0mm Entre abas ø 67,0mm Iveco Vertis 9 toneladas"
"BR-0614B";"Borracha";"Iveco";"Bucha da mola dianteira parte traseira e traseira parte traseira superior Diâmetro do corpo ø 45,0mm Interno ø 16,0mm Comprimento 82,0mm Entre abas ø 67,0mm";"Bucha da mola dianteira parte traseira e traseira parte traseira superior Diâmetro do corpo ø 45,0mm Interno ø 16,0mm Comprimento 82,0mm Entre abas ø 67,0mm Iveco Vertis 9 toneladas"
"BR-0616";"Borracha";"Iveco";"Bucha da mola traseira";"Bucha da mola traseira Iveco Dailly"
"BR-0617";"Borracha";"Iveco";"Borracha batente dianteiro da suspensão";"Borracha batente dianteiro da suspensão Iveco Cityclass"
"BR-0618";"Borracha";"Iveco";"Bucha da barra estabilizadora traseira";"Bucha da barra estabilizadora traseira Iveco S-170"
"BR-0619";"Borracha";"Iveco";"Borracha menor da barra estabilizadora traseira Interno ø 32,0mm";"Borracha menor da barra estabilizadora traseira Interno ø 32,0mm Iveco Vertis 53"
"BR-0210";"Borracha";"Kia";"Borracha da mola traseira Bi-partida Topic";"Borracha da mola traseira Bi-partida Topic"
"BR-0211";"Borracha";"Kia";"Borracha do facão traseiro Diâmetro do corpo ø 53,0mm Diâmetro da aba ø 62,0mm Entre abas 60,0mm Interno ø 14,0mm Comprimento 70,0mm Besta 2.7 - 2001 em diante";"Borracha do facão traseiro Diâmetro do corpo ø 53,0mm Diâmetro da aba ø 62,0mm Entre abas 60,0mm Interno ø 14,0mm Comprimento 70,0mm Besta 2.7 - 2001 em diante"
"BR-0212";"Borracha";"Kia";"Borracha do facão traseiro Diâmetro do corpo ø 48,0mm Diâmetro da aba ø 58,0mm Entre abas 60,0mm Interno ø 14,0mm Comprimento 70,0mm Besta 2.7 - até 2000";"Borracha do facão traseiro Diâmetro do corpo ø 48,0mm Diâmetro da aba ø 58,0mm Entre abas 60,0mm Interno ø 14,0mm Comprimento 70,0mm Besta 2.7 - até 2000"
"BR-0700A";"Borracha";"Linha leve";"Borracha do amortecedor traseiro superior Doblô";"Borracha do amortecedor traseiro superior Doblô"
"BR-0745";"Borracha";"Linha leve";"Calço da mola traseira especial (Par) Externo maior ø 95 mm Externo menor ø 45 mm Altura 64 mm Sentra 2013 em diante";"Calço da mola traseira especial (Par) Externo maior ø 95 mm Externo menor ø 45 mm Altura 64 mm Sentra 2013 em diante"
"BR-0746";"Borracha";"Linha leve";"Calço da mola traseira especial (Par) Externo maior ø 85 mm Externo menor ø 56 mm Altura 50 mm Spin - Cobalt Prisma 2015 Em Diante Bora - Crossfox - Fox Honda Fit - Hb20 - Audi A3/A4 Polo até 2015 - New Bettle";"Calço da mola traseira especial (Par) Externo maior ø 85 mm Externo menor ø 56 mm Altura 50 mm Spin - Cobalt Prisma 2015 Em Diante Bora - Crossfox - Fox Honda Fit - Hb20 - Audi A3/A4 Polo até 2015 - New Bettle"
"BR-0747";"Borracha";"Linha leve";"Kit de buchas da mola traseira (Kit para os dois lados) 4 Buchas";"Kit de buchas da mola traseira (Kit para os dois lados) 4 Buchas"
"BR-0748";"Borracha";"Linha leve";"Calço da mola traseira especial (Par) Externo maior ø 100 mm Externo menor ø 65 mm Altura 60 mm";"Calço da mola traseira especial (Par) Externo maior ø 100 mm Externo menor ø 65 mm Altura 60 mm Nissan Versa - Nissan March Hyundai Sonatta - Fiat Linea - Toyota Etios e Etios Sedan"
"BR-0749";"Borracha";"Linha leve";"Calço da mola traseira especial (Par) Sob medida";"Calço da mola traseira especial (Par) Sob medida"
"BR-0750";"Borracha";"Linha leve";"Borracha do amortecedor traseiro superior e inferior Fiat Strada (todas)";"Borracha do amortecedor traseiro superior e inferior Fiat Strada (todas)"
"BR-0751";"Borracha";"Linha leve";"Calço da mola traseira especial (Par) Externo maior ø 95 mm Externo menor ø 52 mm ltura 60 mm Spacefox - Virtus Golf - Polo 2016 em diante";"Calço da mola traseira especial (Par) Externo maior ø 95 mm Externo menor ø 52 mm ltura 60 mm Spacefox - Virtus Golf - Polo 2016 em diante"
"BR-0752";"Borracha";"Linha leve";"Calço da mola traseira especial (Par) Externo maior ø 102 mm Externo menor ø 81 mm Altura 60 mm Gol G2 - G3 - G4 - G5 - G6 - G7 Voyage 2013 em diante";"Calço da mola traseira especial (Par) Externo maior ø 102 mm Externo menor ø 81 mm Altura 60 mm Gol G2 - G3 - G4 - G5 - G6 - G7 Voyage 2013 em diante"
"BR-0753";"Borracha";"Linha leve";"Borracha do tirante JPX 58";"Borracha do tirante JPX 58"
"BR-0754";"Borracha";"Linha leve";"Borracha do link JPX";"Borracha do link JPX"
"BR-0755";"Borracha";"Linha leve";"Borracha da carroceria JPX";"Borracha da carroceria JPX"
"BR-0756";"Borracha";"Linha leve";"Borracha do Tensor (maior) Jipe Niva";"Borracha do Tensor (maior) Jipe Niva"
"BR-0757";"Borracha";"Linha leve";"Borracha do Tensor (menor) Jipe Niva";"Borracha do Tensor (menor) Jipe Niva"
"BR-0758";"Borracha";"Linha leve";"Borracha da Barra Estabilizadora Dianteira A: Interno 21,0 mm B: Interno 23,0 mm Golf";"Borracha da Barra Estabilizadora Dianteira A: Interno 21,0 mm B: Interno 23,0 mm Golf"
"BR-0759";"Borracha";"Linha leve";"Calço da mola traseira especial (Par) Externo maior ø 91,5 mm Externo menor ø 55 mm Altura 55 mm New";"Calço da mola traseira especial (Par) Externo maior ø 91,5 mm Externo menor ø 55 mm Altura 55 mm New Ford KA 2014 a 2018 todos New Fiesta Hatch 2010 a 2018 New Fiesta Sedan 2010 até 2018 New Ecosport 2013 até 2018 todos"
"BR-0760";"Borracha";"Linha leve";"Borracha do amortecedor traseiro superior Diâmetro Externo 27,0 mm Diâmetro Interno 10,0 mm Palio Weekend";"Borracha do amortecedor traseiro superior Diâmetro Externo 27,0 mm Diâmetro Interno 10,0 mm Palio Weekend"
"BR-0761";"Borracha";"Linha leve";"Borracha do amortecedor traseiro inferior Diâmetro Externo 27,0 mm Diâmetro Interno 12,0 mm alio Weekend";"Borracha do amortecedor traseiro inferior Diâmetro Externo 27,0 mm Diâmetro Interno 12,0 mm alio Weekend"
"BR-0762";"Borracha";"Linha leve";"Borracha do amortecedor traseiro inferior A: 20mm de altura B: 25mm de altura C: 30mm de altura Doblô: 2002 A 2016 / Idea: 2005 A 2016 / Palio: 1996 até 2011 / Palio Bolha: 2012 A 2015 / Palio Weekend (Exceto para Locker ou Adventure) / Siena: 1998 até 2016 (Exceto Gran Siena) / Strada: 1998 em diante";"Borracha do amortecedor traseiro inferior A: 20mm de altura B: 25mm de altura C: 30mm de altura Doblô: 2002 A 2016 / Idea: 2005 A 2016 / Palio: 1996 até 2011 / Palio Bolha: 2012 A 2015 / Palio Weekend (Exceto para Locker ou Adventure) / Siena: 1998 até 2016 (Exceto Gran Siena) / Strada: 1998 em diante"
"BR-0763";"Borracha";"Linha leve";"Borracha da ponta do braço tensor Troller 59";"Borracha da ponta do braço tensor Troller 59"
"BR-0764";"Borracha";"Linha leve";"Borracha da barra panhard Troller";"Borracha da barra panhard Troller"
"BR-0765";"Borracha";"Linha leve";"Borracha do olhal da barra tensora Troller";"Borracha do olhal da barra tensora Troller"
"BR-2000A";"Borracha";"Mercedes";"Coxim completo da cabine";"Coxim completo da cabine MB 1113 ao"
"BR-2001A";"Borracha";"Mercedes";"Kit de bucha do tirante do radiador (01 lado)";"Kit de bucha do tirante do radiador (01 lado) MB 1113 ao"
"BR-2003A";"Borracha";"Mercedes";"- interno ø 16,0mm";"- interno ø 16,0mm"
"BR-2003B";"Borracha";"Mercedes";"- interno ø 19,0mm";"- interno ø 19,0mm"
"BR-2003C";"Borracha";"Mercedes";"- interno ø 22,0mm 1113 - 1313 - Accelo 915 Ônibus: OH 1318 OH1418/1420 - OH";"- interno ø 22,0mm 1113 - 1313 - Accelo 915 Ônibus: OH 1318 OH1418/1420 - OH"
"BR-2004B";"Borracha";"Mercedes";"Borracha do olhal do amortecedor dianteiro superior e inferior com tubo especial 1418 - 1618 -1620 - 1720 Ônibus: 1318 - 1620";"Borracha do olhal do amortecedor dianteiro superior e inferior com tubo especial 1418 - 1618 -1620 - 1720 Ônibus: 1318 - 1620"
"BR-2015";"Borracha";"Mercedes";"Borracha do olhal da barra es - tabilizadora dianteira e traseira com tubo bi-partida 1318 - 1618 - 1620 - 1621";"Borracha do olhal da barra es - tabilizadora dianteira e traseira com tubo bi-partida 1318 - 1618 - 1620 - 1621"
"BR-2015B";"Borracha";"Mercedes";"Borracha do olhal da barra estabilizadora dianteira e traseira com tubo bi-partida ø externo 50,0 mm Ônibus: 1418 - 1620";"Borracha do olhal da barra estabilizadora dianteira e traseira com tubo bi-partida ø externo 50,0 mm Ônibus: 1418 - 1620 -"
"BR-2018B";"Borracha";"Mercedes";"- interno ø 30,0mm";"- interno ø 30,0mm"
"BR-2018C";"Borracha";"Mercedes";"- interno ø 36,0mm";"- interno ø 36,0mm MB 709 - 710 - 712 - 1114 Ônibus: LO 610 - LO 914 - OF 812 913/914 - 914/42 - 1114 - L913 D Ônibus: OF 809 - LO 913D/809/8012/813D/"
"BR-2048A";"Borracha";"Mercedes";"Borracha do mancal da barra estabilizadora dianteira e traseira Entre abas 110,0mm Diâmetro do corpo ø 81,0mm Comprimento 125,0mm Interno ø 50,0mm Ônibus: OF1721 - OH1421 - OH 1621L - OF1620";"Borracha do mancal da barra estabilizadora dianteira e traseira Entre abas 110,0mm Diâmetro do corpo ø 81,0mm Comprimento 125,0mm Interno ø 50,0mm Ônibus: OF1721 - OH1421 - OH 1621L - OF1620"
"BR-2054B";"Borracha";"Mercedes";"Borracha da mola da cabine bi-partida com tubo Interno ø 13,0mm";"Borracha da mola da cabine bi-partida com tubo Interno ø 13,0mm Todos os Mercedes bicudo novo 1218 - 1418 - 1618 - 1620 1935 - 1938LS - 2635 - 2638 11"
"BR-2055A";"Borracha";"Mercedes";"Coxim completo dianteiro da cabine parafuso M 3/8";"Coxim completo dianteiro da cabine parafuso M 3/8 MB 709 ao 1941 - Todos HPM"
"BR-2055B";"Borracha";"Mercedes";"Coxim completo dianteiro da cabine parafuso M 5/8";"Coxim completo dianteiro da cabine parafuso M 5/8 MB 709 ao 1941 - Todos HPM"
"BR-2059A";"Borracha";"Mercedes";"Bucha da algema da mola treseira e do jumelo danteiro (parte traseira) da suspensão subst. espaçador de interno ø 12,0mm (sintética) 709 - 912 - 914 - 915 C";"Bucha da algema da mola treseira e do jumelo danteiro (parte traseira) da suspensão subst. espaçador de interno ø 12,0mm (sintética) 709 - 912 - 914 - 915 C"
"BR-2060A";"Borracha";"Mercedes";"Bucha da algema da mola treseira e do jumelo danteiro (parte traseira) da suspensão subst. espaçador de Interno ø 18,0mm (Sintética) 709 - 912 - 914 - 915 C";"Bucha da algema da mola treseira e do jumelo danteiro (parte traseira) da suspensão subst. espaçador de Interno ø 18,0mm (Sintética) 709 - 912 - 914 - 915 C"
"BR-2062A";"Borracha";"Mercedes";"Bucha do olho da mola dianteiro parte dianteira (sintética) Diâmetro do corpo ø 62,0mm Diâmetro da aba ø 73,0mm Comprimento 96,0mm Interno ø 18,0mm Atego";"Bucha do olho da mola dianteiro parte dianteira (sintética) Diâmetro do corpo ø 62,0mm Diâmetro da aba ø 73,0mm Comprimento 96,0mm Interno ø 18,0mm Atego MB 1315 - 1418 - 1518 1718 -"
"BR-2063A";"Borracha";"Mercedes";"Bucha da mola dianteira parte traseira Diâmetro do corpo ø 55,0mm Diâmetro da aba ø 60,0mm Comprimento 95,0mm Interno ø 19,0mm Atego";"Bucha da mola dianteira parte traseira Diâmetro do corpo ø 55,0mm Diâmetro da aba ø 60,0mm Comprimento 95,0mm Interno ø 19,0mm Atego"
"BR-2091";"Borracha";"Mercedes";"Kit de borracha da barra estabilizadora dianteira (Barra ø 30mm) 2 Peças";"Kit de borracha da barra estabilizadora dianteira (Barra ø 30mm) 2 Peças"
"BR-2091B";"Borracha";"Mercedes";"Kit de borracha da barra estabilizadora dianteira (Barra ø 36mm) 2 Peças";"Kit de borracha da barra estabilizadora dianteira (Barra ø 36mm) 2 Peças"
"BR-2092";"Borracha";"Mercedes";"Kit de borracha da barra estabilizadora dianteira 4 Peças";"Kit de borracha da barra estabilizadora dianteira 4 Peças"
"BR-2093";"Borracha";"Mercedes";"Kit de borracha da barra estabilizadora traseira (Barra ø 40mm) 4 Peças";"Kit de borracha da barra estabilizadora traseira (Barra ø 40mm) 4 Peças"
"BR-2093B";"Borracha";"Mercedes";"Kit de Buchas da Barra Estabilizador traseira (Barra ø 45mm) 4 Peças";"Kit de Buchas da Barra Estabilizador traseira (Barra ø 45mm) 4 Peças"
"BR-2094";"Borracha";"Mercedes";"Kit de borracha da barra estabilizadora dianteira 4 Peças";"Kit de borracha da barra estabilizadora dianteira 4 Peças"
"BR-2095";"Borracha";"Mercedes";"Batente da mola auxiliar da suspensão dianteira Axor";"Batente da mola auxiliar da suspensão dianteira Axor"
"BR-2096";"Borracha";"Mercedes";"Kit de borracha da barra estabilizadora traseira 4 Peças";"Kit de borracha da barra estabilizadora traseira 4 Peças"
"BR-2097";"Borracha";"Mercedes";"Kit de borracha da barra estabilizadora dianteira 2 Peças";"Kit de borracha da barra estabilizadora dianteira 2 Peças"
"BR-2098";"Borracha";"Mercedes";"Borracha coxim do motor";"Borracha coxim do motor MB"
"BR-2099";"Borracha";"Mercedes";"Borracha do olhal inferior do amortecedor traseiro Interno ø 14,0mm Externo ø 38,0mm Accelo";"Borracha do olhal inferior do amortecedor traseiro Interno ø 14,0mm Externo ø 38,0mm Accelo"
"BR-2101";"Borracha";"Mercedes";"Kit batente da mola traseira BR-2087: 01 PC BR-2102: 01 PC Accelo 815-44 - 915C - 1016-31 1016-37 - 1016-44 - 1316-37 6X2 - 1316-44 6X2 - 715 - 815-31 - 815-37 815-44 - 915 - 915C Ônibus (Euros 2010 em diante) LO815-42 - LO916-45 - LO916-";"Kit batente da mola traseira BR-2087: 01 PC BR-2102: 01 PC Accelo 815-44 - 915C - 1016-31 1016-37 - 1016-44 - 1316-37 6X2 - 1316-44 6X2 - 715 - 815-31 - 815-37 815-44 - 915 - 915C Ônibus (Euros 2010 em diante) LO815-42 - LO916-45 - LO916-"
"BR-2103";"Borracha";"Mercedes";"Abraçadeira da mola traseira (menor) Accelo 815-44 - 915C - 1016-31 1016-37 - 1016-44 - 1316-37 6X2 - 1316-44 6X2 - 715 - 815-31 - 815-37 815-44 - 915 - 915C Ônibus (Euros 2010 em diante) LO815-42 - LO916-45 - LO916-48";"Abraçadeira da mola traseira (menor) Accelo 815-44 - 915C - 1016-31 1016-37 - 1016-44 - 1316-37 6X2 - 1316-44 6X2 - 715 - 815-31 - 815-37 815-44 - 915 - 915C Ônibus (Euros 2010 em diante) LO815-42 - LO916-45 - LO916-48"
"BR-2103A";"Borracha";"Mercedes";"Abraçadeira da mola traseira (maior) Accelo 815-44 - 915C - 1016-31 1016-37 - 1016-44 - 1316-37 6X2 - 1316-44 6X2 - 715 - 815-31 - 815-37 815-44 - 915 - 915C Ônibus (Euros 2010 em diante) LO815-42 - LO916-45 - LO916-";"Abraçadeira da mola traseira (maior) Accelo 815-44 - 915C - 1016-31 1016-37 - 1016-44 - 1316-37 6X2 - 1316-44 6X2 - 715 - 815-31 - 815-37 815-44 - 915 - 915C Ônibus (Euros 2010 em diante) LO815-42 - LO916-45 - LO916-"
"BR-2104";"Borracha";"Mercedes";"Kit de Borrachas do amortecedor traseiro, superior e inferior BR-2099: 02 PC BR-2004: 02 PC Accelo 17";"Kit de Borrachas do amortecedor traseiro, superior e inferior BR-2099: 02 PC BR-2004: 02 PC Accelo 17"
"BR-0316";"Borracha";"Mercedes-Benz Sprinter";"Bucha Da Ponta Estabilizador Traseiro Diâmetro aba ø 41,0mm Diâmetro corpo ø 31,0mm Interno ø 12,5mm Comprimento 36,0mm";"Bucha Da Ponta Estabilizador Traseiro Diâmetro aba ø 41,0mm Diâmetro corpo ø 31,0mm Interno ø 12,5mm Comprimento 36,0mm Sprinter 311 - 415 2013/"
"BR-0317";"Borracha";"Mercedes-Benz Sprinter";"Bucha Do Olho Da Mola Traseiro Diâmetro aba ø 70,0mm Diâmetro corpo ø 60,0mm Interno ø 12,5mm Comprimento 80,0mm";"Bucha Do Olho Da Mola Traseiro Diâmetro aba ø 70,0mm Diâmetro corpo ø 60,0mm Interno ø 12,5mm Comprimento 80,0mm Sprinter 311 - 415 - 515 2012 em diante"
"BR-0320";"Borracha";"Mercedes-Benz Sprinter";"Borracha do jumelo traseiro";"Borracha do jumelo traseiro Sprinter"
"BR-0321";"Borracha";"Mercedes-Benz Sprinter";"Borracha da bandeja dianteira superior";"Borracha da bandeja dianteira superior Sprinter 47"
"BR-0800A";"Borracha";"Mitsubishi";"Borracha da barra estabilizadora dianteira Interno ø 27,0mm L200 GLS / OUTDOOR / HPE";"Borracha da barra estabilizadora dianteira Interno ø 27,0mm L200 GLS / OUTDOOR / HPE"
"BR-0808A";"Borracha";"Mitsubishi";"Borracha da bieleta L200";"Borracha da bieleta L200"
"BR-0826";"Borracha";"Mitsubishi";"Kit de borracha da barra estabilizadora dianteira 02 peças";"Kit de borracha da barra estabilizadora dianteira 02 peças"
"BR-0827";"Borracha";"Mitsubishi";"Kit de borracha da barra estabilizadora dianteira 02 peças";"Kit de borracha da barra estabilizadora dianteira 02 peças"
"BR-0828";"Borracha";"Mitsubishi";"Bucha do amortecedor dianteiro inferior Externo ø 35,0mm L200 Triton - até";"Bucha do amortecedor dianteiro inferior Externo ø 35,0mm L200 Triton - até"
"BR-0828A";"Borracha";"Mitsubishi";"Bucha do amortecedor dianteiro inferior Externo ø 37,0mm L200 Triton - 2017 em diante 63";"Bucha do amortecedor dianteiro inferior Externo ø 37,0mm L200 Triton - 2017 em diante 63"
"BR-0829";"Borracha";"Mitsubishi";"Bucha da barra estabilizadora dianteira Outlander - ASX";"Bucha da barra estabilizadora dianteira Outlander - ASX"
"BR-0830";"Borracha";"Mitsubishi";"Kit de borracha da barra estabilizadora traseira Outlander - ASX";"Kit de borracha da barra estabilizadora traseira Outlander - ASX"
"BR-0831";"Borracha";"Mitsubishi";"Borracha do amortecedor dianteira inferior Interno ø 13,0mm L200 Sport";"Borracha do amortecedor dianteira inferior Interno ø 13,0mm L200 Sport"
"BR-0832";"Borracha";"Mitsubishi";"Borracha traseira do braço (tirante) da suspensão traseira Pajero GLS de 1990 a 2000 GLS-B de 1990 a 2000 GLX de 1990 a";"Borracha traseira do braço (tirante) da suspensão traseira Pajero GLS de 1990 a 2000 GLS-B de 1990 a 2000 GLX de 1990 a"
"BR-0833";"Borracha";"Mitsubishi";"Borracha do braço inferior tensor da suspensão traseira Pajero TR4 - Pajero IO";"Borracha do braço inferior tensor da suspensão traseira Pajero TR4 - Pajero IO"
"BR-0834";"Borracha";"Mitsubishi";"Borracha do braço inferior e superior do tensor da suspensão traseira Pajero TR4 - Pajero IO";"Borracha do braço inferior e superior do tensor da suspensão traseira Pajero TR4 - Pajero IO"
"BR-0835";"Borracha";"Mitsubishi";"Borracha do braço superior tensor da suspensão traseira Pajero TR4 - Pajero IO";"Borracha do braço superior tensor da suspensão traseira Pajero TR4 - Pajero IO"
"BR-0836";"Borracha";"Mitsubishi";"Borracha do braço transversal da suspensão traseira A: Interno ø 12,0mm B: Interno ø 16,0mm Pajero TR4 - Pajero IO";"Borracha do braço transversal da suspensão traseira A: Interno ø 12,0mm B: Interno ø 16,0mm Pajero TR4 - Pajero IO"
"BR-0837";"Borracha";"Mitsubishi";"Borracha da ponta do braço tirante (tensor) da suspensão dianteira Pajero TR4 - Pajero IO";"Borracha da ponta do braço tirante (tensor) da suspensão dianteira Pajero TR4 - Pajero IO"
"BR-0838";"Borracha";"Mitsubishi";"Kit de Buchas do braço tensor traseiro BR-0833: 02 Pç BR-0834: 04 Pç BR-0835: 02 pç Pajero TR4 64";"Kit de Buchas do braço tensor traseiro BR-0833: 02 Pç BR-0834: 04 Pç BR-0835: 02 pç Pajero TR4 64"
"BR-0839";"Borracha";"Mitsubishi";"Borracha da ponta do braço tirante (tensor) da suspensão traseira Pajero GLS de 1990 a 2000 GLS-B de 1990 a 2000 GLX de 1990 a";"Borracha da ponta do braço tirante (tensor) da suspensão traseira Pajero GLS de 1990 a 2000 GLS-B de 1990 a 2000 GLX de 1990 a"
"BR-0840";"Borracha";"Mitsubishi";"Borracha central do diferencial dianteiro Pajero GLS 2.5 de 1991 a 1994 Pajero GLS-B de 1993 a 1995 Pajero GLX 2.8 De 1999 a 2007 Pajero Full 3.0 de 1995 a 1999 Pajero Full 3.5 de 1995 a 1999";"Borracha central do diferencial dianteiro Pajero GLS 2.5 de 1991 a 1994 Pajero GLS-B de 1993 a 1995 Pajero GLX 2.8 De 1999 a 2007 Pajero Full 3.0 de 1995 a 1999 Pajero Full 3.5 de 1995 a 1999 Mitsubishi TR4 de 2002 a 2014 L200 2.5 Sport HPE Turbo de 2005 a 2013 L200 2.5 Outdoor Turbo diesel de 2005 a"
"BR-0841";"Borracha";"Mitsubishi";"Borracha central do diferencial dianteiro Pajero TR4 - Pajero IO";"Borracha central do diferencial dianteiro Pajero TR4 - Pajero IO"
"BR-0842";"Borracha";"Mitsubishi";"Borracha do braço transversal da suspensão traseira Interno ø 16,0mm Pajero GLS de 1990 a 2000 GLS-B de 1990 a 2000 GLX de 1990 a";"Borracha do braço transversal da suspensão traseira Interno ø 16,0mm Pajero GLS de 1990 a 2000 GLS-B de 1990 a 2000 GLX de 1990 a"
"BR-0843";"Borracha";"Mitsubishi";"Borracha da barra estabilizadora traseira Interno ø 25,0mm Pajero GL / GLS Pajero Full";"Borracha da barra estabilizadora traseira Interno ø 25,0mm Pajero GL / GLS Pajero Full"
"BR-0844";"Borracha";"Mitsubishi";"Calço antí ruído do feixe de molas traseiro L200 GL/GLS - Sport - HPE Outdoor - Savana (até 2011) 65";"Calço antí ruído do feixe de molas traseiro L200 GL/GLS - Sport - HPE Outdoor - Savana (até 2011) 65"
"BR-0900A";"Borracha";"Nissan Frontier";"Bieleta completa dianteira";"Bieleta completa dianteira Frontier"
"BR-0912A";"Borracha";"Nissan Frontier";"Bucha amortecedor dianteiro inferior Externo ø 41,5mm Interno ø 14,2mm";"Bucha amortecedor dianteiro inferior Externo ø 41,5mm Interno ø 14,2mm Frontier 2008 em diante"
"BR-0915";"Borracha";"Nissan Frontier";"Bucha amortecedor dianteiro inferior Externo ø 27,0mm Interno ø 13,0mm";"Bucha amortecedor dianteiro inferior Externo ø 27,0mm Interno ø 13,0mm Frontier / Xterra (até 2011)"
"BR-0916";"Borracha";"Nissan Frontier";"Pastilha da mola traseira parte traseira";"Pastilha da mola traseira parte traseira Frontier (2012 em diante)"
"BR-0917A";"Borracha";"Nissan Frontier";"Borracha do amortecedor dianteiro superior";"Borracha do amortecedor dianteiro superior Frontier até"
"BR-0917B";"Borracha";"Nissan Frontier";"Borracha do amortecedor dianteiro superior Diâmetro Externo: 40,0mm Diâmetro Interno: 11,0mm";"Borracha do amortecedor dianteiro superior Diâmetro Externo: 40,0mm Diâmetro Interno: 11,0mm Frontier 2008 em diante"
"BR-5013A";"Borracha";"Toyota";"PRODUTO DESATIVADO Borracha do amortecedor dianteiro e inferior (Novo Cód. BR-5022) Externo ø 35,0mm Hilux";"PRODUTO DESATIVADO Borracha do amortecedor dianteiro e inferior (Novo Cód. BR-5022) Externo ø 35,0mm Hilux"
"BR-5023";"Borracha";"Toyota";"Bucha amortecedor dianteiro inferior Externo ø 38,0mm Interno ø 14,2mm Hilux 2005 em diante";"Bucha amortecedor dianteiro inferior Externo ø 38,0mm Interno ø 14,2mm Hilux 2005 em diante"
"BR-5024";"Borracha";"Toyota";"Bucha jumelo traseiro Interno ø 20,0mm Hilux 2013 em diante";"Bucha jumelo traseiro Interno ø 20,0mm Hilux 2013 em diante"
"BR-5025";"Borracha";"Toyota";"Bucha mola traseira Interno ø 20,0mm Hilux 2013 em diante";"Bucha mola traseira Interno ø 20,0mm Hilux 2013 em diante"
"BR-5026";"Borracha";"Toyota";"PRODUTO DESATIVADO Bucha amortecedor dianteiro inferior Externo ø 41,5mm Interno ø 14,2mm Hilux 2005 em diante";"PRODUTO DESATIVADO Bucha amortecedor dianteiro inferior Externo ø 41,5mm Interno ø 14,2mm Hilux 2005 em diante"
"BR-5027";"Borracha";"Toyota";"Bucha Do Braço Traseiro (maior) Diâmetro do corpo ø 44,0mm Diâmetro da aba ø 54,0mm Entre abas 44,0mm Interno ø 14,2 mm Hilux SW4 de 1996 a 2002 30";"Bucha Do Braço Traseiro (maior) Diâmetro do corpo ø 44,0mm Diâmetro da aba ø 54,0mm Entre abas 44,0mm Interno ø 14,2 mm Hilux SW4 de 1996 a 2002 30"
"BR-5028";"Borracha";"Toyota";"Bucha Do Braço Traseiro (menor) Diâmetro do corpo ø 40,0mm Diâmetro da aba ø 49,0mm Entre abas 38,0mm Interno ø 12,0 mm Hilux SW4 de 1996 a";"Bucha Do Braço Traseiro (menor) Diâmetro do corpo ø 40,0mm Diâmetro da aba ø 49,0mm Entre abas 38,0mm Interno ø 12,0 mm Hilux SW4 de 1996 a"
"BR-5029";"Borracha";"Toyota";"Bucha amortecedor dianteiro inferior Externo ø 42,0mm Interno ø 14,2mm Hilux 2017 em diante";"Bucha amortecedor dianteiro inferior Externo ø 42,0mm Interno ø 14,2mm Hilux 2017 em diante"
"BR-5030";"Borracha";"Toyota";"Borracha do barra estabilizadora dianteira Hilux SW4";"Borracha do barra estabilizadora dianteira Hilux SW4"
"BR-5031";"Borracha";"Toyota";"Borracha do barra estabilizadora traseira Hilux SW4";"Borracha do barra estabilizadora traseira Hilux SW4"
"BR-8006E";"Borracha";"Truck";"Batente de mola lonado truck Comprimento 350,0 mm Largura 90,0 mm Altura 25,0 mm";"Batente de mola lonado truck Comprimento 350,0 mm Largura 90,0 mm Altura 25,0 mm"
"BR-8016";"Borracha";"Truck";"Borracha do amortecedor inferior e superior Interno ø 22,0mm arreta Randon";"Borracha do amortecedor inferior e superior Interno ø 22,0mm arreta Randon"
"BR-8017";"Borracha";"Truck";"Borracha do amortecedor inferior e superior Interno ø 24,0mm Carreta Randon";"Borracha do amortecedor inferior e superior Interno ø 24,0mm Carreta Randon"
"BR-8018";"Borracha";"Truck";"Borracha do amortecedor inferior e superior Interno ø 20,0mm Carreta Randon 38";"Borracha do amortecedor inferior e superior Interno ø 20,0mm Carreta Randon 38"
"BR-1040";"Borracha";"Volkswagen";"Kit de borrachas da barra estabilizadora dianteira 2 Peças";"Kit de borrachas da barra estabilizadora dianteira 2 Peças"
"BR-1041";"Borracha";"Volkswagen";"Kit de borrachas da barra estabilizadora traseira 2 Peças";"Kit de borrachas da barra estabilizadora traseira 2 Peças"
"BR-7022";"Borracha";"Volvo";"Borracha da ponta da barra Estabilizadora Dianteira e traseira Diâmetro do corpo ø 45,2mm Interno ø 20,2mm Entre abas 65,0mm";"Borracha da ponta da barra Estabilizadora Dianteira e traseira Diâmetro do corpo ø 45,2mm Interno ø 20,2mm Entre abas 65,0mm Volvo VM"
"1013A PU";"PU";"Volkswagen";"Borracha da barra estabilizadora traseira";"VW 6.90 - 8.150"
